,Date,Flight number,From,Iata_from,From_lat,From_lon,To,Iata_to,To_lat,To_lon,Dep time,Arr time,Duration,Airline,Aircraft,Registration,Seat number,Seat type,Flight class,Flight reason,Note,Dep_id,Arr_id,Airline_id,Aircraft_id
0,2022-06-28,FR1604,Kerkira / Ioannis Kapodistrias (CFU/LGKR),CFU,39.6019,19.9117,Marseille / Marseille Provence (MRS/LFML),MRS,43.4393,5.22142,09:40:00,10:55:00,02:15:00,Ryanair (FR/RYR),Boeing 737-800 (B738),EI-EKO,4A,1,0,0,,531,1928,668,231
1,2022-06-25,FR7444,Marseille / Marseille Provence (MRS/LFML),MRS,43.4393,5.22142,Kerkira / Ioannis Kapodistrias (CFU/LGKR),CFU,39.6019,19.9117,10:25:00,13:30:00,02:05:00,Malta Air (AL/MAY),Boeing 737-800 (B738),9H-QDI,4A,1,0,0,,1928,531,2723,231
2,2022-05-17,U23062,Nice / Nice Cote D'Azur (NCE/LFMN),NCE,43.6584,7.21587,Paris / Charles de Gaulle (CDG/LFPG),CDG,49.0097,2.54778,06:15:00,07:55:00,01:40:00,easyJet Europe (EC/EJU),Airbus A320-200 (A320),OE-ICP,8E,2,0,0,,2027,509,2665,2059
3,2022-03-18,W68299,Rome / Leonardo da Vinci-Fiumicino (FCO/LIRF),FCO,41.8003,12.2389,Nice / Nice Cote D'Azur (NCE/LFMN),NCE,43.6584,7.21587,16:30:00,17:50:00,01:20:00,Wizz Air (W6/WZZ),Airbus A321neo (A21N),,,0,0,0,,872,2027,859,2128
4,2022-03-18,EK97,Dubai / Dubai International (DXB/OMDB),DXB,25.2528,55.3644,Rome / Leonardo da Vinci-Fiumicino (FCO/LIRF),FCO,41.8003,12.2389,09:10:00,13:25:00,06:15:00,Emirates (EK/UAE),Boeing 777-300ER (B77W),A6-EGS,,0,0,0,,768,872,807,2023
5,2022-03-17,EK375,Bangkok / Suvarnabhumi (BKK/VTBS),BKK,13.6811,100.747,Dubai / Dubai International (DXB/OMDB),DXB,25.2528,55.3644,09:55:00,13:00:00,06:05:00,Emirates (EK/UAE),Airbus A380-800 (A388),A6-EEI,,0,0,0,,331,768,807,39
6,2022-03-16,EK385,Hong Kong / Hong Kong International (HKG/VHHH),HKG,22.3089,113.915,Bangkok / Suvarnabhumi (BKK/VTBS),BKK,13.6811,100.747,21:30:00,23:45:00,03:15:00,Emirates (EK/UAE),Boeing 777-300ER (B77W),A6-ECO,,0,0,0,,1135,331,807,2023
7,2021-12-26,AY101,Helsinki / Vantaa (HEL/EFHK),HEL,60.3172,24.9633,Hong Kong / Hong Kong International (HKG/VHHH),HKG,22.3089,113.915,16:55:00,08:40:00,10:45:00,Finnair (AY/FIN),Airbus A350-900 (A359),OH-LWG,,0,0,0,,1110,1135,304,2110
8,2021-12-26,AY1602,Nice / Nice Cote D'Azur (NCE/LFMN),NCE,43.6584,7.21587,Helsinki / Vantaa (HEL/EFHK),HEL,60.3172,24.9633,11:20:00,15:35:00,03:15:00,Finnair (AY/FIN),Airbus A320-200 (A320),OH-LXL,,0,0,0,,2027,1110,304,2059
9,2021-12-22,FR164,Vienna / Schwechat (VIE/LOWW),VIE,48.1103,16.5697,Marseille / Marseille Provence (MRS/LFML),MRS,43.4393,5.22142,07:05:00,09:05:00,02:00:00,Lauda Air (NG/LDA),Airbus A320-200 (A320),9H-LMC,,0,0,0,,3179,1928,467,2059
10,2021-12-21,W62850,Nice / Nice Cote D'Azur (NCE/LFMN),NCE,43.6584,7.21587,Vienna / Schwechat (VIE/LOWW),VIE,48.1103,16.5697,13:20:00,15:05:00,01:45:00,Wizz Air (W6/WZZ),Airbus A321neo (A21N),HA-LVY,,0,0,0,,2027,3179,859,2128
11,2021-12-20,W68299,Rome / Leonardo da Vinci-Fiumicino (FCO/LIRF),FCO,41.8003,12.2389,Nice / Nice Cote D'Azur (NCE/LFMN),NCE,43.6584,7.21587,12:05:00,13:20:00,01:15:00,Wizz Air (W6/WZZ),Airbus A321neo (A21N),HA-LVU,,0,0,0,,872,2027,859,2128
12,2021-12-20,FR4855,Catania / Fontanarossa (CTA/LICC),CTA,37.4668,15.0664,Rome / Leonardo da Vinci-Fiumicino (FCO/LIRF),FCO,41.8003,12.2389,08:05:00,09:30:00,01:25:00,Malta Air (AL/MAY),Boeing 737-800 (B738),9H-QBY,22E,2,0,0,,625,872,2723,231
13,2021-12-17,FR4891,Rome / Leonardo da Vinci-Fiumicino (FCO/LIRF),FCO,41.8003,12.2389,Catania / Fontanarossa (CTA/LICC),CTA,37.4668,15.0664,16:25:00,17:50:00,01:25:00,Malta Air (AL/MAY),Boeing 737-800 (B738),9H-QBZ,3F,1,0,0,,872,625,2723,231
14,2021-12-17,W68300,Nice / Nice Cote D'Azur (NCE/LFMN),NCE,43.6584,7.21587,Rome / Leonardo da Vinci-Fiumicino (FCO/LIRF),FCO,41.8003,12.2389,13:50:00,15:00:00,01:10:00,Wizz Air (W6/WZZ),Airbus A321neo (A21N),HA-LVO,,0,0,0,,2027,872,859,2128
15,2021-11-06,U21602,Tenerife-South / Reina Sofia (TFS/GCTS),TFS,28.044475,-16.572488,Nice / Nice Cote D'Azur (NCE/LFMN),NCE,43.6584,7.21587,18:00:00,23:00:00,04:00:00,easyJet Europe (EC/EJU),Airbus A320-200 (A320),OE-IJW,28A,1,0,0,,2897,2027,2665,2059
16,2021-11-02,U21225,Mulhouse / Basel (BSL/LFSB),BSL,47.59,7.529167,Tenerife-South / Reina Sofia (TFS/GCTS),TFS,28.044475,-16.572488,12:25:00,16:00:00,04:35:00,Easyjet Switzerland (DS/EZS),Airbus A320-200 (A320),HB-JZR,,0,0,0,,4515,2897,290,2059
17,2021-10-30,U21002,Nice / Nice Cote D'Azur (NCE/LFMN),NCE,43.6584,7.21587,Mulhouse / Basel (BSL/LFSB),BSL,47.59,7.529167,07:55:00,09:05:00,01:10:00,Easyjet Switzerland (DS/EZS),Airbus A319-100 (A319),HB-JYI,,0,0,0,,2027,4515,290,2073
18,2021-08-15,W65524,Alexandria / Borg El Arab (HBE/HEBA),HBE,30.9177,29.6964,Milan / Malpensa (MXP/LIMC),MXP,45.6306,8.72811,23:10:00,02:55:00,03:45:00,Wizz Air (W6/WZZ),Airbus A321neo (A21N),HA-LVQ,,0,0,0,,4557,1983,859,2128
19,2021-08-05,MS82,Cairo / Cairo (CAI/HECA),CAI,30.1219,31.4056,Aswan / Aswan (ASW/HESN),ASW,23.9644,32.82,06:30:00,07:50:00,01:20:00,Egyptair (MS/MSR),Airbus A220-300 (BCS3),SU-GFI,,0,0,0,,475,173,536,2142
20,2021-08-04,W65523,Milan / Malpensa (MXP/LIMC),MXP,45.6306,8.72811,Alexandria / Borg El Arab (HBE/HEBA),HBE,30.9177,29.6964,17:55:00,21:35:00,03:40:00,Wizz Air (W6/WZZ),Airbus A321neo (A21N),HA-LVQ,,0,0,0,,1983,4557,859,2128
21,2021-08-04,W65596,Brindisi / Casale (BDS/LIBR),BDS,40.6576,17.947,Milan / Malpensa (MXP/LIMC),MXP,45.6306,8.72811,13:20:00,15:05:00,01:45:00,Wizz Air (W6/WZZ),Airbus A321neo (A21N),HA-LVR,,0,0,0,,255,1983,859,2128
22,2021-08-04,FR3074,Rome / Leonardo da Vinci-Fiumicino (FCO/LIRF),FCO,41.8003,12.2389,Brindisi / Casale (BDS/LIBR),BDS,40.6576,17.947,09:35:00,10:45:00,01:10:00,Malta Air (AL/MAY),Boeing 737-800 (B738),9H-QDK,,0,0,0,,872,255,2723,231
23,2021-08-03,FR3033,Tenerife-South / Reina Sofia (TFS/GCTS),TFS,28.044475,-16.572488,Rome / Leonardo da Vinci-Fiumicino (FCO/LIRF),FCO,41.8003,12.2389,09:55:00,15:15:00,04:20:00,Malta Air (AL/MAY),Boeing 737-800 (B738),9H-QAP,,0,0,0,,2897,872,2723,231
24,2021-07-30,FR9105,Palma De Mallorca / Son Sant Joan (PMI/LEPA),PMI,39.5517,2.73881,Tenerife-North / Los Rodeos (TFN/GCXO),TFN,28.482653,-16.341535,09:10:00,11:25:00,03:15:00,Ryanair (FR/RYR),Boeing 737-800 (B738),EI-DWR,,0,0,0,,2348,2896,668,231
25,2021-07-28,U22739,Milan / Malpensa (MXP/LIMC),MXP,45.6306,8.72811,Palma De Mallorca / Son Sant Joan (PMI/LEPA),PMI,39.5517,2.73881,07:15:00,09:00:00,01:45:00,easyJet Europe (EC/EJU),Airbus A319-100 (A319),OE-LKO,,0,0,0,,1983,2348,2665,2073
26,2021-07-27,U22560,Larnaca / Larnaca (LCA/LCLK),LCA,34.8751,33.6249,Milan / Malpensa (MXP/LIMC),MXP,45.6306,8.72811,23:05:00,01:50:00,03:45:00,easyJet Europe (EC/EJU),Airbus A320-200 (A320),OE-IVW,,0,0,0,,1572,1983,2665,2059
27,2021-07-24,FR3405,Amman / Queen Alia (AMM/OJAI),AMM,31.7226,35.9932,Pafos / Paphos (PFO/LCPH),PFO,34.718,32.4857,17:35:00,18:50:00,01:15:00,Ryanair (FR/RYR),Boeing 737-800 (B738),EI-EMC,,0,0,0,,118,2302,668,231
28,2021-07-19,FR3135,Warsaw / Modlin (WMI/EPMO),WMI,52.4511,20.6518,Amman / Queen Alia (AMM/OJAI),AMM,31.7226,35.9932,05:50:00,10:45:00,03:55:00,Buzz (RR/RYS),Boeing 737-800 (B738),SP-RKO,,0,0,0,,4979,118,2757,231
29,2021-07-18,FR3167,Kyiv / Boryspil International Airport (KBP/UKBB),KBP,50.345,30.8947,Warsaw / Modlin (WMI/EPMO),WMI,52.4511,20.6518,13:10:00,13:50:00,01:40:00,Buzz (RR/RYS),Boeing 737-800 (B738),SP-RKQ,,0,0,0,,1388,4979,2757,231
30,2021-07-12,W61843,Wroclaw / Strachowice (WRO/EPWR),WRO,51.1027,16.8858,Lviv / Danylo Halytskyi International (LWO/UKLL),LWO,49.8125,23.9561,11:00:00,13:10:00,01:10:00,Wizz Air (W6/WZZ),Airbus A320-200 (A320),HA-LWO,,0,0,0,,3235,1720,859,2059
31,2021-07-11,W62826,Ohrid / Ohrid (OHD/LWOH),OHD,41.18,20.7423,Vienna / Schwechat (VIE/LOWW),VIE,48.1103,16.5697,08:20:00,10:05:00,01:45:00,Wizz Air (W6/WZZ),Airbus A321-200 (A321),HA-LTC,,0,0,0,,2165,3179,859,2076
32,2021-07-07,W63858,Rome / Ciampino (CIA/LIRA),CIA,41.799361,12.594936,Tirana / Rinas (TIA/LATI),TIA,41.4147,19.7206,17:40:00,19:00:00,01:20:00,Wizz Air (W6/WZZ),Airbus A321neo (A21N),HA-LVJ,,0,0,0,,551,2922,859,2128
33,2021-07-07,FR4855,Catania / Fontanarossa (CTA/LICC),CTA,37.4668,15.0664,Rome / Leonardo da Vinci-Fiumicino (FCO/LIRF),FCO,41.8003,12.2389,08:25:00,09:50:00,01:25:00,Malta Air (AL/MAY),Boeing 737-800 (B738),9H-QBQ,,0,0,0,,625,872,2723,231
34,2021-07-05,U21671,Nice / Nice Cote D'Azur (NCE/LFMN),NCE,43.6584,7.21587,Catania / Fontanarossa (CTA/LICC),CTA,37.4668,15.0664,06:00:00,07:45:00,01:45:00,easyJet Europe (EC/EJU),Airbus A320-200 (A320),OE-ICI,,0,0,0,,2027,625,2665,2059
35,2021-06-07,U23991,Paris / Charles de Gaulle (CDG/LFPG),CDG,49.0097,2.54778,Nice / Nice Cote D'Azur (NCE/LFMN),NCE,43.6584,7.21587,07:30:00,09:05:00,01:35:00,easyJet Europe (EC/EJU),Airbus A320-200 (A320),OE-IZG,,0,0,0,,509,2027,2665,2059
36,2021-06-03,U24058,Nice / Nice Cote D'Azur (NCE/LFMN),NCE,43.6584,7.21587,Paris / Orly (ORY/LFPO),ORY,48.7231,2.35944,10:55:00,12:30:00,01:35:00,easyJet Europe (EC/EJU),Airbus A319-100 (A319),OE-LQL,,0,0,0,,2027,2215,2665,2073
37,2021-03-05,U23995,Paris / Charles de Gaulle (CDG/LFPG),CDG,49.0097,2.54778,Nice / Nice Cote D'Azur (NCE/LFMN),NCE,43.6584,7.21587,18:45:00,20:20:00,01:35:00,easyJet Europe (EC/EJU),Airbus A320-200 (A320),OE-IVT,,0,0,0,,509,2027,2665,2059
38,2021-01-01,U21383,Geneva / Cointrin (GVA/LSGG),GVA,46.2381,6.10895,Nice / Nice Cote D'Azur (NCE/LFMN),NCE,43.6584,7.21587,15:25:00,16:25:00,01:00:00,Easyjet Switzerland (DS/EZS),Airbus A319-100 (A319),HB-JYK,,0,0,0,,1065,2027,290,2073
39,2020-12-25,TP932,Lisbon / Portela (LIS/LPPT),LIS,38.7813,-9.13592,Zurich / Kloten (ZRH/LSZH),ZRH,47.4647,8.54917,12:05:00,15:55:00,02:50:00,TAP Air Portugal (TP/TAP),Airbus A320-200 (A320),CS-TNU,,0,0,0,,1632,3548,753,2059
40,2020-12-21,TO4638,Nantes / Nantes Atlantique (NTE/LFRS),NTE,47.1532,-1.61073,Lisbon / Portela (LIS/LPPT),LIS,38.7813,-9.13592,16:30:00,17:35:00,02:05:00,Transavia.com France (TO/TVF),Boeing 737-800 (B738),F-GZHA,,0,0,0,,2111,1632,1397,231
41,2020-12-19,U24062,Nice / Nice Cote D'Azur (NCE/LFMN),NCE,43.6584,7.21587,Paris / Orly (ORY/LFPO),ORY,48.7231,2.35944,08:55:00,10:25:00,01:30:00,easyJet Europe (EC/EJU),Airbus A320-200 (A320),OE-IVU,,0,0,0,,2027,2215,2665,2059
42,2020-08-28,W62849,Vienna / Schwechat (VIE/LOWW),VIE,48.1103,16.5697,Nice / Nice Cote D'Azur (NCE/LFMN),NCE,43.6584,7.21587,18:25:00,20:20:00,01:55:00,Wizz Air (W6/WZZ),Airbus A321-200 (A321),HA-LTE,,0,0,0,,3179,2027,859,2076
43,2020-08-20,DY3308,Copenhagen / Kastrup (CPH/EKCH),CPH,55.6179,12.656,Munich / Franz Josef Strauss (MUC/EDDM),MUC,48.3538,11.7861,07:00:00,08:45:00,01:45:00,Norwegian Air Shuttle (DY/NAX),Boeing 737-800 (B738),SE-RPS,,0,0,0,,606,1952,552,231
44,2020-08-05,U24064,Nice / Nice Cote D'Azur (NCE/LFMN),NCE,43.6584,7.21587,Paris / Orly (ORY/LFPO),ORY,48.7231,2.35944,08:55:00,10:25:00,01:30:00,easyJet Europe (EC/EJU),Airbus A320-200 (A320),OE-IJA,,0,0,0,,2027,2215,2665,2059
45,2020-07-21,W65516,Tenerife-South / Reina Sofia (TFS/GCTS),TFS,28.044475,-16.572488,Milan / Malpensa (MXP/LIMC),MXP,45.6306,8.72811,20:40:00,01:55:00,04:15:00,Wizz Air (W6/WZZ),Airbus A321-200 (A321),HA-LXO,,0,0,0,,2897,1983,859,2076
46,2020-07-18,UX2115,Gran Canaria / Las Palmas (LPA/GCLP),LPA,27.9319,-15.3866,Tenerife-North / Los Rodeos (TFN/GCXO),TFN,28.482653,-16.341535,18:00:00,18:30:00,00:30:00,CanaryFly (PM/CNF),ATR 72-500 (AT75),,,0,0,0,,1666,2896,1946,154
47,2020-07-16,W65513,Milan / Malpensa (MXP/LIMC),MXP,45.6306,8.72811,Gran Canaria / Las Palmas (LPA/GCLP),LPA,27.9319,-15.3866,13:35:00,16:55:00,04:20:00,Wizz Air (W6/WZZ),Airbus A321-200 (A321),HA-LXO,,0,0,0,,1983,1666,859,2076
48,2020-07-15,FR3899,Warsaw / Modlin (WMI/EPMO),WMI,52.4511,20.6518,Bergamo / Orio Al Serio (BGY/LIME),BGY,45.673889,9.704166,20:45:00,22:45:00,02:00:00,Buzz (RR/RYS),Boeing 737-800 (B738),SP-RKE,,2,0,0,,4979,293,2757,231
49,2020-07-10,W65068,Milan / Malpensa (MXP/LIMC),MXP,45.6306,8.72811,Krakow / John Paul II International (KRK/EPKK),KRK,50.0777,19.7848,15:45:00,17:30:00,01:45:00,Wizz Air (W6/WZZ),Airbus A321-200 (A321),HA-LXC,,0,0,0,,1983,1489,859,2076
50,2020-07-10,W65522,Lisbon / Portela (LIS/LPPT),LIS,38.7813,-9.13592,Milan / Malpensa (MXP/LIMC),MXP,45.6306,8.72811,09:10:00,12:50:00,02:40:00,Wizz Air (W6/WZZ),Airbus A321-200 (A321),HA-LXQ,,0,0,0,,1632,1983,859,2076
51,2020-07-06,U22715,Milan / Malpensa (MXP/LIMC),MXP,45.6306,8.72811,Lisbon / Portela (LIS/LPPT),LIS,38.7813,-9.13592,11:15:00,13:10:00,02:55:00,easyJet Europe (EC/EJU),Airbus A320-200 (A320),OE-IJX,,0,0,0,,1983,1632,2665,2059
52,2020-03-01,W62849,Vienna / Schwechat (VIE/LOWW),VIE,48.1103,16.5697,Nice / Nice Cote D'Azur (NCE/LFMN),NCE,43.6584,7.21587,12:30:00,14:20:00,01:50:00,Wizz Air (W6/WZZ),Airbus A321-200 (A321),HA-LXZ,,0,0,0,,3179,2027,859,2076
53,2020-02-24,W62284,Charleroi / Brussels South Charleroi (CRL/EBCI),CRL,50.4592,4.45382,Budapest / Franz Liszt International (BUD/LHBP),BUD,47.4298,19.2611,20:40:00,22:35:00,01:55:00,Wizz Air (W6/WZZ),Airbus A321-200 (A321),,,0,0,0,,615,429,859,2076
54,2020-02-22,U21645,Nice / Nice Cote D'Azur (NCE/LFMN),NCE,43.6584,7.21587,Brussels / Brussels (BRU/EBBR),BRU,50.9014,4.48444,07:20:00,09:05:00,01:45:00,easyJet Europe (EC/EJU),Airbus A320-200 (A320),OE-IJA,,0,0,0,,2027,403,2665,2059
55,2020-02-02,U21636,Rome / Leonardo da Vinci-Fiumicino (FCO/LIRF),FCO,41.8003,12.2389,Nice / Nice Cote D'Azur (NCE/LFMN),NCE,43.6584,7.21587,21:15:00,22:30:00,01:15:00,easyJet Europe (EC/EJU),Airbus A320-200 (A320),OE-IJW,,0,0,0,,872,2027,2665,2059
56,2020-01-31,FR1723,Malta / Luqa (MLA/LMML),MLA,35.8575,14.4775,Naples / Capodichino (NAP/LIRN),NAP,40.886,14.2908,11:40:00,13:00:00,01:20:00,Ryanair (FR/RYR),Boeing 737-800 (B738),EI-FIM,,0,0,0,,1863,2016,668,231
57,2020-01-29,FR1299,Athens / Eleftherios Venizelos (ATH/LGAV),ATH,37.9364,23.9445,Rome / Ciampino (CIA/LIRA),CIA,41.799361,12.594936,21:15:00,22:15:00,02:00:00,Malta Air (AL/MAY),Boeing 737-800 (B738),9H-QCY,,0,0,0,,3583,551,2723,231
58,2020-01-30,FR7591,Rome / Leonardo da Vinci-Fiumicino (FCO/LIRF),FCO,41.8003,12.2389,Malta / Luqa (MLA/LMML),MLA,35.8575,14.4775,10:20:00,11:45:00,01:25:00,Malta Air (AL/MAY),Boeing 737-800 (B738),9H-QAE,,0,0,0,,872,1863,2723,231
59,2020-01-28,GQ347,Santorini / Santorini (JTR/LGSR),JTR,36.3992,25.4793,Athens / Eleftherios Venizelos (ATH/LGAV),ATH,37.9364,23.9445,18:20:00,19:15:00,00:55:00,Sky Express (GQ/SEH),ATR 72-500 (AT75),SX-FIV,,0,0,0,,1366,3583,1258,154
60,2020-01-26,V74110,Athens / Eleftherios Venizelos (ATH/LGAV),ATH,37.9364,23.9445,Santorini / Santorini (JTR/LGSR),JTR,36.3992,25.4793,18:00:00,19:00:00,01:00:00,Volotea (V7/VOE),Boeing 717-200 (B712),EI-FCU,,0,0,0,,3583,1366,2355,220
61,2020-01-25,FR1270,Bergamo / Orio Al Serio (BGY/LIME),BGY,45.673889,9.704166,Athens / Eleftherios Venizelos (ATH/LGAV),ATH,37.9364,23.9445,11:30:00,14:55:00,02:25:00,Ryanair (FR/RYR),Boeing 737-800 (B738),EI-GDI,,0,0,0,,293,3583,668,231
62,2020-01-24,FR8021,Sofia / Sofia (SOF/LBSF),SOF,42.6967,23.4114,Bergamo / Orio Al Serio (BGY/LIME),BGY,45.673889,9.704166,16:55:00,18:05:00,02:10:00,Buzz (RR/RYS),Boeing 737-800 (B738),SP-RKA,,0,0,0,,2738,293,2757,231
63,2020-01-23,FR3992,Bergamo / Orio Al Serio (BGY/LIME),BGY,45.673889,9.704166,Bucharest / Henri Coanda (OTP/LROP),OTP,44.5711,26.085,07:05:00,10:20:00,02:15:00,Malta Air (AL/MAY),Boeing 737-800 (B738),9H-QED,,0,0,0,,293,2230,2723,231
64,2020-01-04,U21377,Geneva / Cointrin (GVA/LSGG),GVA,46.2381,6.10895,Nice / Nice Cote D'Azur (NCE/LFMN),NCE,43.6584,7.21587,06:05:00,07:05:00,01:00:00,Easyjet Switzerland (DS/EZS),Airbus A320-200 (A320),HB-JXB,,0,0,0,,1065,2027,290,2059
65,2020-01-01,W66411,Kutaisi / David the Builder (KUT/UGKO),KUT,42.1767,42.4826,Milan / Malpensa (MXP/LIMC),MXP,45.6306,8.72811,15:35:00,16:55:00,04:20:00,Wizz Air (W6/WZZ),Airbus A320-200 (A320),HA-LSA,,0,0,0,,5211,1983,859,2059
66,2019-12-21,W66466,Bologna / Borgo Panigale (BLQ/LIPE),BLQ,44.5354,11.2887,Kutaisi / David the Builder (KUT/UGKO),KUT,42.1767,42.4826,09:00:00,15:45:00,04:45:00,Wizz Air (W6/WZZ),Airbus A320-200 (A320),HA-LPJ,,0,0,0,,346,5211,859,2059
67,2019-11-02,VY1515,Barcelona / El Prat (BCN/LEBL),BCN,41.2971,2.07846,Nice / Nice Cote D'Azur (NCE/LFMN),NCE,43.6584,7.21587,07:20:00,08:40:00,01:20:00,Vueling Airlines (VY/VLG),Airbus A320-200 (A320),EC-LOP,,0,0,0,,239,2027,839,2059
68,2019-10-28,FR148,Berlin / Schonefeld (SXF/EDDB),SXF,52.378333,13.520556,Barcelona / El Prat (BCN/LEBL),BCN,41.2971,2.07846,09:45:00,12:20:00,02:35:00,Ryanair (FR/RYR),Boeing 737-800 (B738),EI-DYR,,0,0,0,,2828,239,668,231
69,2019-10-26,U21653,Nice / Nice Cote D'Azur (NCE/LFMN),NCE,43.6584,7.21587,Hamburg / Fuhlsbuttel (HAM/EDDH),HAM,53.6304,9.98823,06:30:00,08:35:00,02:05:00,easyJet Europe (EC/EJU),Airbus A320-200 (A320),OE-INE,,0,0,0,,2027,1093,2665,2059
70,2019-08-28,CA851,Beijing / Peking-Capital (PEK/ZBAA),PEK,40.0725,116.598,Nice / Nice Cote D'Azur (NCE/LFMN),NCE,43.6584,7.21587,02:50:00,08:05:00,11:15:00,Air China (CA/CCA),Airbus A330-200 (A332),B-6115,,0,0,0,,2292,2027,172,30
71,2019-08-27,CA1608,Dalian / Zhoushuizi (DLC/ZYTL),DLC,38.9657,121.539,Beijing / Peking-Capital (PEK/ZBAA),PEK,40.0725,116.598,21:55:00,23:25:00,01:30:00,Dalian Airlines (/CCD),Boeing 737-800 (B738),B-7597,,0,0,0,,720,2292,2563,231
72,2018-11-14,MU2298,Dalian / Zhoushuizi (DLC/ZYTL),DLC,38.9657,121.539,Xian / Xianyang (XIY/ZLXY),XIY,34.4471,108.752,16:50:00,19:25:00,02:35:00,China Eastern Airlines (MU/CES),Airbus A320-200 (A320),B-9943,,0,0,0,,720,3280,178,2059
73,2018-11-09,MF874,Xiamen / Gaoqi (XMN/ZSAM),XMN,24.544,118.128,Dalian / Zhoushuizi (DLC/ZYTL),DLC,38.9657,121.539,14:15:00,17:20:00,03:05:00,Xiamen Airlines (MF/CXA),Boeing 737-800 (B738),B-5630,,0,0,0,,3285,720,215,231
74,2018-11-08,KL883,Amsterdam / Schiphol (AMS/EHAM),AMS,52.3086,4.76389,Xiamen / Gaoqi (XMN/ZSAM),XMN,24.544,118.128,16:45:00,10:50:00,12:05:00,KLM Royal Dutch Airlines (KL/KLM),Boeing 787-9 (B789),PH-BHI,,0,0,0,,122,3285,440,2088
75,2018-11-08,KL1958,Zurich / Kloten (ZRH/LSZH),ZRH,47.4647,8.54917,Amsterdam / Schiphol (AMS/EHAM),AMS,52.3086,4.76389,11:50:00,13:30:00,01:40:00,KLM Royal Dutch Airlines (KL/KLM),Boeing 737-700 (B737),PH-BGQ,,0,0,0,,3548,122,440,230
76,2018-08-29,AF3173,Amsterdam / Schiphol (AMS/EHAM),AMS,52.3086,4.76389,Nice / Nice Cote D'Azur (NCE/LFMN),NCE,43.6584,7.21587,09:25:00,11:25:00,02:00:00,KLM Royal Dutch Airlines (KL/KLM),Boeing 737-800 (B738),PH-BCA,,0,0,0,,122,2027,440,231
77,2018-08-29,CZ345,Beijing / Peking-Capital (PEK/ZBAA),PEK,40.0725,116.598,Amsterdam / Schiphol (AMS/EHAM),AMS,52.3086,4.76389,01:15:00,05:30:00,10:15:00,China Southern Airlines (CZ/CSN),Airbus A380-800 (A388),B-6139,,0,0,0,,2292,122,207,39
78,2018-08-28,KL4426,Dalian / Zhoushuizi (DLC/ZYTL),DLC,38.9657,121.539,Beijing / Peking-Capital (PEK/ZBAA),PEK,40.0725,116.598,20:35:00,22:10:00,01:35:00,China Southern Airlines (CZ/CSN),Airbus A320-200 (A320),,,0,0,0,,720,2292,207,2059
79,2018-06-17,AF128,Paris / Charles de Gaulle (CDG/LFPG),CDG,49.0097,2.54778,Beijing / Peking-Capital (PEK/ZBAA),PEK,40.0725,116.598,13:55:00,05:55:00,10:00:00,Air France (AF/AFR),Boeing 777-300ER (B77W),F-GZNU,,0,0,0,,509,2292,34,2023
80,2018-06-17,AF7701,Nice / Nice Cote D'Azur (NCE/LFMN),NCE,43.6584,7.21587,Paris / Charles de Gaulle (CDG/LFPG),CDG,49.0097,2.54778,10:10:00,11:45:00,01:35:00,Air France (AF/AFR),Airbus A321-100 (A321),F-GMZB,,0,0,0,,2027,509,34,2075
81,2018-04-30,FR5163,Fes / Saiss (FEZ/GMFF),FEZ,33.9273,-4.97796,Marseille / Marseille Provence (MRS/LFML),MRS,43.4393,5.22142,13:25:00,15:40:00,02:15:00,Ryanair (FR/RYR),Boeing 737-800 (B738),,,0,0,0,,880,1928,668,231
82,2018-04-20,FR5162,Marseille / Marseille Provence (MRS/LFML),MRS,43.4393,5.22142,Fes / Saiss (FEZ/GMFF),FEZ,33.9273,-4.97796,19:55:00,22:20:00,02:25:00,Ryanair (FR/RYR),Boeing 737-800 (B738),EI-EVJ,,0,0,0,,1928,880,668,231
83,2018-03-11,KL1263,Amsterdam / Schiphol (AMS/EHAM),AMS,52.3086,4.76389,Nice / Nice Cote D'Azur (NCE/LFMN),NCE,43.6584,7.21587,09:30:00,11:20:00,01:50:00,KLM Royal Dutch Airlines (KL/KLM),Boeing 737-700 (B737),PH-BGP,,0,0,0,,122,2027,440,230
84,2018-03-11,KL1708,Madrid / Barajas (MAD/LEMD),MAD,40.4719,-3.56264,Amsterdam / Schiphol (AMS/EHAM),AMS,52.3086,4.76389,06:00:00,08:45:00,02:45:00,KLM Royal Dutch Airlines (KL/KLM),Boeing 737-800 (B738),PH-BGA,,0,0,0,,1739,122,440,231
85,2018-03-08,FR5483,Porto / Francisco Sa Carneiro (OPO/LPPR),OPO,41.2356,-8.67806,Madrid / Barajas (MAD/LEMD),MAD,40.4719,-3.56264,06:30:00,08:45:00,01:15:00,Ryanair (FR/RYR),Boeing 737-800 (B738),EI-FIZ,,0,0,0,,2202,1739,668,231
86,2018-03-07,FR2094,Lisbon / Portela (LIS/LPPT),LIS,38.7813,-9.13592,Porto / Francisco Sa Carneiro (OPO/LPPR),OPO,41.2356,-8.67806,07:50:00,08:50:00,01:00:00,Ryanair (FR/RYR),Boeing 737-800 (B738),EI-DHT,,0,0,0,,1632,2202,668,231
87,2018-03-04,AF1024,Paris / Charles de Gaulle (CDG/LFPG),CDG,49.0097,2.54778,Lisbon / Portela (LIS/LPPT),LIS,38.7813,-9.13592,09:20:00,10:50:00,02:30:00,Air France (AF/AFR),Airbus A320-200 (A320),F-HEPC,,0,0,0,,509,1632,34,2059
88,2018-03-04,AF7661,Marseille / Marseille Provence (MRS/LFML),MRS,43.4393,5.22142,Paris / Charles de Gaulle (CDG/LFPG),CDG,49.0097,2.54778,06:00:00,07:30:00,01:30:00,Air France (AF/AFR),Airbus A319-100 (A319),F-GRXB,,0,0,0,,1928,509,34,2073
89,2018-02-02,AF7700,Paris / Charles de Gaulle (CDG/LFPG),CDG,49.0097,2.54778,Nice / Nice Cote D'Azur (NCE/LFMN),NCE,43.6584,7.21587,07:20:00,08:50:00,01:30:00,Air France (AF/AFR),Airbus A319-100 (A319),F-GRXC,,0,0,0,,509,2027,34,2073
90,2018-02-01,AF1891,Istanbul / Ataturk (ISL/LTBA),ISL,40.9769,28.8146,Paris / Charles de Gaulle (CDG/LFPG),CDG,49.0097,2.54778,19:35:00,21:15:00,02:40:00,Air France (AF/AFR),Airbus A320-200 (A320),F-GKXJ,,0,0,0,,1284,509,34,2059
91,2018-01-26,KL1260,Nice / Nice Cote D'Azur (NCE/LFMN),NCE,43.6584,7.21587,Amsterdam / Schiphol (AMS/EHAM),AMS,52.3086,4.76389,06:30:00,08:35:00,02:05:00,KLM Royal Dutch Airlines (KL/KLM),Boeing 737-700 (B737),,,0,0,0,,2027,122,440,230
92,2017-08-28,BA356,London / Heathrow (LHR/EGLL),LHR,51.4775,-0.461389,Nice / Nice Cote D'Azur (NCE/LFMN),NCE,43.6584,7.21587,17:40:00,20:45:00,02:05:00,British Airways (BA/BAW),Airbus A320-200 (A320),,,0,0,0,,1618,2027,113,2059
93,2017-08-28,BA38,Beijing / Peking-Capital (PEK/ZBAA),PEK,40.0725,116.598,London / Heathrow (LHR/EGLL),LHR,51.4775,-0.461389,11:15:00,15:30:00,11:15:00,British Airways (BA/BAW),Boeing 777-300ER (B77W),,,0,0,0,,2292,1618,113,2023
94,2017-08-27,MU2311,Dalian / Zhoushuizi (DLC/ZYTL),DLC,38.9657,121.539,Beijing / Peking-Capital (PEK/ZBAA),PEK,40.0725,116.598,23:25:00,00:50:00,01:25:00,China Eastern Airlines (MU/CES),Airbus A330-300 (A333),B-6128,,0,0,0,,720,2292,178,31
95,2017-06-30,GS7821,Tianjin / Binhai (TSN/ZBTJ),TSN,39.1244,117.346,Dalian / Zhoushuizi (DLC/ZYTL),DLC,38.9657,121.539,09:25:00,10:30:00,01:05:00,Tianjin Airlines (GS/GCR),Embraer ERJ-195 (E195),B-3235,,0,0,0,,3023,720,1236,2016
96,2017-06-28,BA39,London / Heathrow (LHR/EGLL),LHR,51.4775,-0.461389,Beijing / Peking-Capital (PEK/ZBAA),PEK,40.0725,116.598,16:20:00,09:30:00,10:10:00,British Airways (BA/BAW),Boeing 777-300ER (B77W),,,0,0,0,,1618,2292,113,2023
97,2017-06-28,BA343,Nice / Nice Cote D'Azur (NCE/LFMN),NCE,43.6584,7.21587,London / Heathrow (LHR/EGLL),LHR,51.4775,-0.461389,11:50:00,13:05:00,02:15:00,British Airways (BA/BAW),Airbus A320-200 (A320),G-EUUT,,0,0,0,,2027,1618,113,2059
98,2017-03-07,SU2470,Moscow / Sheremetyevo (SVO/UUEE),SVO,55.9728,37.4147,Nice / Nice Cote D'Azur (NCE/LFMN),NCE,43.6584,7.21587,10:00:00,12:00:00,03:00:00,Aeroflot (SU/AFL),Airbus A321-200 (A321),,,0,0,0,,2816,2027,33,2076
99,2017-03-07,SU201,Beijing / Peking-Capital (PEK/ZBAA),PEK,40.0725,116.598,Moscow / Sheremetyevo (SVO/UUEE),SVO,55.9728,37.4147,02:05:00,05:25:00,08:20:00,Aeroflot (SU/AFL),Airbus A330-300 (A333),,,0,0,0,,2292,2816,33,31
100,2017-03-06,CZ6137,Dalian / Zhoushuizi (DLC/ZYTL),DLC,38.9657,121.539,Beijing / Peking-Capital (PEK/ZBAA),PEK,40.0725,116.598,18:40:00,20:05:00,01:25:00,China Southern Airlines (CZ/CSN),Airbus A321-200 (A321),B-6273,,0,0,0,,720,2292,207,2076
101,2016-12-17,CA1607,Beijing / Peking-Capital (PEK/ZBAA),PEK,40.0725,116.598,Dalian / Zhoushuizi (DLC/ZYTL),DLC,38.9657,121.539,06:55:00,08:25:00,01:30:00,Dalian Airlines (/CCD),Boeing 737-800 (B738),B-6105,,0,0,0,,2292,720,2563,231
102,2016-12-04,CA1606,Dalian / Zhoushuizi (DLC/ZYTL),DLC,38.9657,121.539,Beijing / Peking-Capital (PEK/ZBAA),PEK,40.0725,116.598,07:20:00,08:45:00,01:25:00,Air China (CA/CCA),Boeing 737-800 (B738),B-1957,,0,0,0,,720,2292,172,231
103,2018-06-18,CZ6124,Beijing / Peking-Capital (PEK/ZBAA),PEK,40.0725,116.598,Dalian / Zhoushuizi (DLC/ZYTL),DLC,38.9657,121.539,07:35:00,09:05:00,01:30:00,China Southern Airlines (CZ/CSN),Airbus A321-200 (A321),B-2287,,0,0,0,,2292,720,207,2076
104,2017-07-07,CZ6128,Beijing / Peking-Capital (PEK/ZBAA),PEK,40.0725,116.598,Dalian / Zhoushuizi (DLC/ZYTL),DLC,38.9657,121.539,23:10:00,00:35:00,01:25:00,China Southern Airlines (CZ/CSN),Airbus A321-200 (A321),,,0,0,0,,2292,720,207,2076
105,2022-09-08,U28350,Nice / Nice Cote D'Azur (NCE/LFMN),NCE,43.6584,7.21587,London / Gatwick (LGW/EGKK),LGW,51.1481,-0.190278,09:40:00,10:40:00,02:00:00,Easyjet (U2/EZY),Airbus A320-200 (A320),G-EZGY,22B,2,0,0,,2027,1614,291,2059
106,2022-09-11,U26433,London / Gatwick (LGW/EGKK),LGW,51.1481,-0.190278,Nice / Nice Cote D'Azur (NCE/LFMN),NCE,43.6584,7.21587,17:20:00,20:30:00,02:10:00,SmartLynx Airlines (6Y/ART),Airbus A320-200 (A320),YL-LDF,20E,2,0,0,,1614,2027,1416,2059
107,2022-10-01,U22122,Nice / Nice Cote D'Azur (NCE/LFMN),NCE,43.6584,7.21587,London / Luton (LTN/EGGW),LTN,51.8747,-0.368333,10:40:00,11:45:00,02:05:00,Easyjet (U2/EZY),Airbus A320neo (A20N),G-UZLN,,0,0,0,,2027,1701,291,2127
108,2022-10-02,FR1874,London / Stansted (STN/EGSS),STN,51.885,0.235,Nice / Nice Cote D'Azur (NCE/LFMN),NCE,43.6584,7.21587,19:10:00,22:15:00,02:05:00,Ryanair (FR/RYR),Boeing 737-800 (B738),EI-DWV,,0,0,0,,2785,2027,668,231
109,2022-10-07,U26960,Nice / Nice Cote D'Azur (NCE/LFMN),NCE,43.6584,7.21587,Edinburgh / Edinburgh (EDI/EGPH),EDI,55.95,-3.3725,22:05:00,23:45:00,02:40:00,Easyjet (U2/EZY),Airbus A320neo (A20N),G-UZLF,11D,3,0,0,,2027,785,291,2127
110,2022-10-09,U26959,Edinburgh / Edinburgh (EDI/EGPH),EDI,55.95,-3.3725,Nice / Nice Cote D'Azur (NCE/LFMN),NCE,43.6584,7.21587,18:00:00,21:40:00,02:40:00,Easyjet (U2/EZY),Airbus A319-100 (A319),G-EZDL,11A,1,0,0,,785,2027,291,2073
111,2022-11-11,U28350,Nice / Nice Cote D'Azur (NCE/LFMN),NCE,43.6584,7.21587,London / Gatwick (LGW/EGKK),LGW,51.1481,-0.190278,07:00:00,08:05:00,02:05:00,Easyjet (U2/EZY),Airbus A320-200 (A320),OE-IVD,22A,1,0,0,,2027,1614,291,2059
112,2022-11-11,FR115,London / Gatwick (LGW/EGKK),LGW,51.1481,-0.190278,Dublin / Dublin (DUB/EIDW),DUB,53.4213,-6.27007,09:40:00,11:05:00,01:25:00,Ryanair (FR/RYR),Boeing 737-800 (B738),EI-DCM,,0,0,0,,1614,757,668,231
113,2022-11-13,FR5219,Dublin / Dublin (DUB/EIDW),DUB,53.4213,-6.27007,Nice / Nice Cote D'Azur (NCE/LFMN),NCE,43.6584,7.21587,17:25:00,20:55:00,02:30:00,Ryanair (FR/RYR),Boeing 737-800 (B738),EI-EPD,,0,0,0,,757,2027,668,231
114,2022-12-24,VY8520,Paris / Orly (ORY/LFPO),ORY,48.7231,2.35944,Cairo / Cairo (CAI/HECA),CAI,30.1219,31.4056,12:00:00,17:25:00,04:25:00,Vueling Airlines (VY/VLG),Airbus A321-200 (A321),EC-MGY,,0,0,0,,2215,475,839,2076
115,2023-01-01,U21664,Naples / Capodichino (NAP/LIRN),NAP,40.886,14.2908,Nice / Nice Cote D'Azur (NCE/LFMN),NCE,43.6584,7.21587,11:00:00,12:30:00,01:30:00,easyJet Europe (EC/EJU),Airbus A320-200 (A320),OE-ICM,16A,1,0,0,,2016,2027,2665,2059
116,2022-09-24,FR8099,Marseille / Marseille Provence (MRS/LFML),MRS,43.4393,5.22142,Shannon / Limerick (SNN/EINN),SNN,52.702,-8.92482,06:55:00,08:20:00,02:25:00,Malta Air (AL/MAY),Boeing 737-800 (B738),9H-QAQ,,0,0,0,,1928,2730,2723,231
117,2022-09-25,FR1958,Dublin / Dublin (DUB/EIDW),DUB,53.4213,-6.27007,Nice / Nice Cote D'Azur (NCE/LFMN),NCE,43.6584,7.21587,16:50:00,20:20:00,02:30:00,Ryanair (FR/RYR),Boeing 737-800 (B738),EI-EKV,,0,0,0,,757,2027,668,231
118,2022-12-31,U22887,Milan / Malpensa (MXP/LIMC),MXP,45.6306,8.72811,Naples / Capodichino (NAP/LIRN),NAP,40.886,14.2908,19:55:00,21:20:00,01:25:00,easyJet Europe (EC/EJU),Airbus A320-200 (A320),OE-IVN,5A,1,0,0,,1983,2016,2665,2059
119,2022-12-31,U22800,Hurghada / Hurghada (HRG/HEGN),HRG,27.1783,33.7994,Milan / Malpensa (MXP/LIMC),MXP,45.6306,8.72811,13:25:00,17:10:00,04:45:00,easyJet Europe (EC/EJU),Airbus A321neo (A21N),OE-ISC,,0,0,0,,1172,1983,2665,2128
120,2018-01-26,KL1613,Amsterdam / Schiphol (AMS/EHAM),AMS,52.3086,4.76389,Istanbul / Ataturk (ISL/LTBA),ISL,40.9769,28.8146,11:30:00,16:55:00,03:25:00,KLM Royal Dutch Airlines (KL/KLM),Boeing 737-700 (B737),PH-BGE,,0,0,0,,122,1284,440,230
121,2018-01-30,TK2022,Istanbul / Ataturk (ISL/LTBA),ISL,40.9769,28.8146,Kayseri / Erkilet (ASR/LTAU),ASR,38.7704,35.4954,01:05:00,02:25:00,01:20:00,Turkish Airlines (TK/THY),Boeing 737-800 (B738),TC-JHA,,0,0,0,,1284,170,769,231
122,2018-02-01,TK2019,Kayseri / Erkilet (ASR/LTAU),ASR,38.7704,35.4954,Istanbul / Ataturk (ISL/LTBA),ISL,40.9769,28.8146,00:30:00,02:00:00,01:30:00,Turkish Airlines (TK/THY),Boeing 737-800 (B738),TC-JGZ,,0,0,0,,170,1284,769,231
123,2023-07-14,SV3236,Geneva / Cointrin (GVA/LSGG),GVA,46.2381,6.10895,Jeddah / King Abdulaziz (JED/OEJN),JED,21.6796,39.1565,16:00:00,22:10:00,05:10:00,Saudi Arabian Airlines (SV/SVA),Boeing 787-9 (B789),HZ-ARH,,0,0,0,,1065,1325,735,2088
124,2023-07-15,SV834,Jeddah / King Abdulaziz (JED/OEJN),JED,21.6796,39.1565,Kuala Lumpur / Kuala Lumpur International (KUL/WMKK),KUL,2.74558,101.71,01:45:00,15:55:00,09:10:00,Saudi Arabian Airlines (SV/SVA),Boeing 787-10 (B78X),HZ-AR27,57L,1,0,0,,1325,1527,735,2138
125,2023-08-20,SV841,Kuala Lumpur / Kuala Lumpur International (KUL/WMKK),KUL,2.74558,101.71,Jeddah / King Abdulaziz (JED/OEJN),JED,21.6796,39.1565,02:15:00,06:00:00,08:45:00,Saudi Arabian Airlines (SV/SVA),Boeing 777-300ER (B77W),HZ-AK32,61K,1,0,0,,1527,1325,735,2023
126,2023-08-20,SV227,Jeddah / King Abdulaziz (JED/OEJN),JED,21.6796,39.1565,Madrid / Barajas (MAD/LEMD),MAD,40.4719,-3.56264,09:35:00,15:10:00,06:35:00,Saudi Arabian Airlines (SV/SVA),Boeing 787-9 (B789),HZ-ARG,45A,1,0,0,,1325,1739,735,2088
127,2023-08-14,TR819,Osaka / Kansai (KIX/RJBB),KIX,34.4305,135.23,Singapore / Changi (SIN/WSSS),SIN,1.35019,103.994,15:00:00,20:10:00,06:10:00,Scoot (TR/TGW),Boeing 787-8 (B788),9V-OFA,14J,2,0,0,,3597,2672,2695,2087
128,2023-08-03,ZG52,Bangkok / Suvarnabhumi (BKK/VTBS),BKK,13.6811,100.747,Tokyo / Narita (NRT/RJAA),NRT,35.7653,140.386,23:10:00,07:25:00,06:15:00,ZIPAIR (ZG/TZP),Boeing 787-8 (B788),JA826J,36K,1,0,0,,331,2105,2742,2087
129,2022-12-23,U24060,Nice / Nice Cote D'Azur (NCE/LFMN),NCE,43.6584,7.21587,Paris / Orly (ORY/LFPO),ORY,48.7231,2.35944,06:25:00,08:00:00,01:35:00,easyJet Europe (EC/EJU),Airbus A320-200 (A320),OE-IZH,24F,1,0,0,,2027,2215,2665,2059
130,2023-08-20,IB8732,Madrid / Barajas (MAD/LEMD),MAD,40.4719,-3.56264,Nice / Nice Cote D'Azur (NCE/LFMN),NCE,43.6584,7.21587,22:00:00,23:55:00,01:55:00,Iberia (IB/IBE),Bombardier CRJ-1000 (CRJX),EC-MJO,12A,1,0,0,,1739,2027,377,2071
131,2023-07-25,AK371,Denpasar Bali / Ngurah Rai (DPS/WADD),DPS,-8.74817,115.167,Kuala Lumpur / Kuala Lumpur International (KUL/WMKK),KUL,2.74558,101.71,21:20:00,00:20:00,03:00:00,Air Asia (AK/AXM),Airbus A320neo (A20N),9M-AGV,6A,1,0,0,,3582,1527,103,2127
132,2023-08-03,VZ2115,Chiang Mai / Chiang Mai (CNX/VTCC),CNX,18.7668,98.9626,Bangkok / Suvarnabhumi (BKK/VTBS),BKK,13.6811,100.747,09:25:00,10:45:00,01:20:00,Thai Vietjet Air (VZ/TVJ),Airbus A321-200 (A321),HS-VKH,,0,0,0,,3642,331,2438,2076
133,2023-08-01,DD124,Bangkok / Don Mueang International (DMK/VTBD),DMK,13.9126,100.607,Chiang Mai / Chiang Mai (CNX/VTCC),CNX,18.7668,98.9626,09:20:00,10:30:00,01:10:00,Nok Air (DD/NOK),Boeing 737-800 (B738),HS-DBY,,0,0,0,,3565,3642,1244,231
134,2023-08-15,AK1794,Singapore / Changi (SIN/WSSS),SIN,1.35019,103.994,Kota Kinabalu / Kota Kinabalu (BKI/WBKK),BKI,5.93721,116.051,12:10:00,14:45:00,02:35:00,Air Asia (AK/AXM),Airbus A320-200 (A320),9M-AQQ,9A,1,0,0,,2672,329,103,2059
135,2023-04-28,U21687,Nice / Nice Cote D'Azur (NCE/LFMN),NCE,43.6584,7.21587,Olbia / Costa Smeralda (OLB/LIEO),OLB,40.8987,9.51763,10:45:00,11:40:00,00:55:00,easyJet Europe (EC/EJU),Airbus A320-200 (A320),OE-IJU,19A,1,0,0,,2027,2182,2665,2059
136,2023-05-02,FR4655,Cagliari / Elmas (CAG/LIEE),CAG,39.2515,9.05428,Naples / Capodichino (NAP/LIRN),NAP,40.886,14.2908,08:00:00,09:15:00,01:15:00,Malta Air (AL/MAY),Boeing 737-800 (B738),9H-QDP,10F,1,0,0,,474,2016,2723,231
137,2023-05-17,BT866,Nice / Nice Cote D'Azur (NCE/LFMN),NCE,43.6584,7.21587,Tallinn / Ulemiste (TLL/EETN),TLL,59.4133,24.8328,10:15:00,14:30:00,03:15:00,Avion Express Malta (/MLH),Airbus A320-200 (A320),9H-SWD,31F,1,0,0,,2027,2956,2943,2059
138,2023-05-19,FR4623,Tallinn / Ulemiste (TLL/EETN),TLL,59.4133,24.8328,Stockholm / Arlanda (ARN/ESSA),ARN,59.6519,17.9186,16:30:00,16:35:00,01:05:00,Malta Air (AL/MAY),Boeing 737 MAX 8 (B38M),9H-VUL,7F,1,0,0,,2956,3622,2723,2123
139,2023-05-21,D84321,Stockholm / Arlanda (ARN/ESSA),ARN,59.6519,17.9186,Nice / Nice Cote D'Azur (NCE/LFMN),NCE,43.6584,7.21587,06:30:00,09:30:00,03:00:00,Norwegian Air Sweden AOC (D8/NSZ),Boeing 737-800 (B738),SE-RRJ,25F,1,0,0,,3622,2027,2984,231
140,2023-03-03,W64026,Nice / Nice Cote D'Azur (NCE/LFMN),NCE,43.6584,7.21587,Belgrade / Nikola Tesla Beograd (BEG/LYBE),BEG,44.8184,20.3091,16:15:00,18:05:00,01:50:00,Wizz Air (W6/WZZ),Airbus A321-200 (A321),HA-LXI,,0,0,0,,2027,261,859,2076
141,2023-03-06,W64025,Belgrade / Nikola Tesla Beograd (BEG/LYBE),BEG,44.8184,20.3091,Nice / Nice Cote D'Azur (NCE/LFMN),NCE,43.6584,7.21587,12:35:00,14:40:00,02:05:00,Wizz Air (W6/WZZ),Airbus A321-200 (A321),HA-LXI,30D,3,0,0,,261,2027,859,2076
142,2023-03-31,FR9525,Marseille / Marseille Provence (MRS/LFML),MRS,43.4393,5.22142,Fes / Saiss (FEZ/GMFF),FEZ,33.9273,-4.97796,17:45:00,18:00:00,02:15:00,Ryanair (FR/RYR),Boeing 737-800 (B738),EI-DCN,7B,2,0,0,,1928,880,668,231
143,2023-04-03,FR5163,Fes / Saiss (FEZ/GMFF),FEZ,33.9273,-4.97796,Marseille / Marseille Provence (MRS/LFML),MRS,43.4393,5.22142,10:55:00,15:10:00,02:15:00,Ryanair (FR/RYR),Boeing 737-800 (B738),EI-DLK,,0,0,0,,880,1928,668,231
144,2023-07-17,AK138,Kuala Lumpur / Kuala Lumpur International (KUL/WMKK),KUL,2.74558,101.71,Hong Kong / Hong Kong International (HKG/VHHH),HKG,22.3089,113.915,07:15:00,11:15:00,04:00:00,Air Asia (AK/AXM),Airbus A320neo (A20N),9M-RAR,18A,1,0,0,,1527,1135,103,2127
145,2023-07-21,TR905,Macau / Macau (MFM/VMMC),MFM,22.1496,113.592,Singapore / Changi (SIN/WSSS),SIN,1.35019,103.994,19:05:00,22:45:00,03:40:00,Scoot (TR/TGW),Airbus A320neo (A20N),9V-TNF,31A,1,0,0,,1811,2672,2695,2127
146,2023-07-22,TR212,Singapore / Changi (SIN/WSSS),SIN,1.35019,103.994,Yogyakarta / Yogyakarta International Airport (YIA/WAHI),YIA,-7.90534,110.057,08:20:00,09:35:00,02:15:00,Scoot (TR/TGW),Airbus A320-200 (A320),9V-TRX,30D,3,0,0,,2672,9188,2695,2059
147,2023-07-25,JT566,Yogyakarta / Yogyakarta International Airport (YIA/WAHI),YIA,-7.90534,110.057,Denpasar Bali / Ngurah Rai (DPS/WADD),DPS,-8.74817,115.167,13:40:00,16:00:00,01:20:00,Lion Airlines (JT/LNI),Boeing 737-900 (B739),PK-LHR,3A,1,0,0,,9188,3582,480,232
148,2023-05-03,W48299,Rome / Leonardo da Vinci-Fiumicino (FCO/LIRF),FCO,41.8003,12.2389,Nice / Nice Cote D'Azur (NCE/LFMN),NCE,43.6584,7.21587,11:30:00,12:50:00,01:20:00,Wizz Air Malta (W4/WMT),Airbus A321neo (A21N),9H-WAM,12D,3,0,0,,872,2027,3024,2128
149,2023-08-09,JL125,Tokyo / Haneda (HND/RJTT),HND,35.5533,139.781,Osaka / Itami (ITM/RJOO),ITM,34.785528,135.438222,15:00:00,16:05:00,01:05:00,Japan Airlines (JL/JAL),Boeing 787-8 (B788),JA847J,50C,3,0,0,,1152,1285,406,2087
150,2023-07-28,AK540,Kuala Lumpur / Kuala Lumpur International (KUL/WMKK),KUL,2.74558,101.71,Siem Reap / Siem Reap International Airport (REP/VDSR),REP,13.4107,103.813,18:00:00,19:15:00,02:15:00,Air Asia (AK/AXM),Airbus A320-200 (A320),9M-AQQ,18A,1,0,0,,1527,2502,103,2059
151,2023-07-26,AK6144,Kuala Lumpur / Kuala Lumpur International (KUL/WMKK),KUL,2.74558,101.71,Penang / Penang (PEN/WMKP),PEN,5.29714,100.277,06:35:00,07:40:00,01:05:00,Air Asia (AK/AXM),Airbus A320-200 (A320),9M-RAV,30F,1,0,0,,1527,2294,103,2059
152,2023-07-30,FD619,Siem Reap / Siem Reap International Airport (REP/VDSR),REP,13.4107,103.813,Bangkok / Don Mueang International (DMK/VTBD),DMK,13.9126,100.607,21:20:00,22:25:00,01:05:00,Thai AirAsia (FD/AIQ),Airbus A320-200 (A320),HS-ABA,1F,1,0,0,,2502,3565,1077,2059
153,2023-07-28,Z97702,Langkawi I / Pulau Langkawi (LGK/WMKL),LGK,6.32973,99.7287,Kuala Lumpur / Kuala Lumpur International (KUL/WMKK),KUL,2.74558,101.71,15:25:00,16:40:00,01:15:00,MYAirline (Z9/MYM),Airbus A320-200 (A320),9M-DAJ,14A,1,0,0,,1610,1527,3032,2059
154,2023-07-27,FY2700,Penang / Penang (PEN/WMKP),PEN,5.29714,100.277,Langkawi I / Pulau Langkawi (LGK/WMKL),LGK,6.32973,99.7287,12:30:00,13:10:00,00:40:00,Firefly (FY/FFM),Boeing 737-800 (B738),9M-MLG,16A,1,0,0,,2294,1610,1132,231
155,2023-07-14,U21326,Nice / Nice Cote D'Azur (NCE/LFMN),NCE,43.6584,7.21587,Geneva / Cointrin (GVA/LSGG),GVA,46.2381,6.10895,08:10:00,09:10:00,01:00:00,Easyjet Switzerland (DS/EZS),Airbus A320-200 (A320),HB-JXM,21A,1,0,0,,2027,1065,290,2059
156,2023-08-17,AK5301,Kota Kinabalu / Kota Kinabalu (BKI/WBKK),BKI,5.93721,116.051,Johor Bahru / Sultan Ismail (JHB/WMKJ),JHB,1.64131,103.67,12:20:00,14:35:00,02:15:00,Air Asia (AK/AXM),Airbus A320-200 (A320),9M-AFV,18B,2,0,0,,329,1333,103,2059
157,2023-08-19,MH1058,Johor Bahru / Sultan Ismail (JHB/WMKJ),JHB,1.64131,103.67,Kuala Lumpur / Kuala Lumpur International (KUL/WMKK),KUL,2.74558,101.71,19:45:00,20:45:00,01:00:00,Malaysia Airlines (MH/MAS),Boeing 737-800 (B738),9M-MXK,15E,2,0,0,,1333,1527,507,231
158,2023-09-29,AF7315,Nice / Nice Cote D'Azur (NCE/LFMN),NCE,43.6584,7.21587,Paris / Charles de Gaulle (CDG/LFPG),CDG,49.0097,2.54778,06:00:00,07:35:00,01:35:00,Air France (AF/AFR),Airbus A320-200 (A320),F-HEPJ,11A,1,0,0,,2027,509,34,2059
159,2023-09-29,AF264,Paris / Charles de Gaulle (CDG/LFPG),CDG,49.0097,2.54778,Seoul / Incheon (ICN/RKSI),ICN,37.4633,126.44,11:50:00,07:05:00,12:15:00,Air France (AF/AFR),Boeing 777-300ER (B77W),F-GZNK,31L,1,0,0,,509,3602,34,2023
160,2023-10-25,KL876,Bangkok / Suvarnabhumi (BKK/VTBS),BKK,13.6811,100.747,Amsterdam / Schiphol (AMS/EHAM),AMS,52.3086,4.76389,12:15:00,19:15:00,12:00:00,KLM Royal Dutch Airlines (KL/KLM),Boeing 777-200 (B772),PH-BQB,20A,1,0,0,,331,122,440,246
161,2023-10-23,QW6191,Dalian / Zhoushuizi (DLC/ZYTL),DLC,38.9657,121.539,Yichang / Sanxia (YIH/ZHYC),YIH,30.5565,111.48,06:45:00,09:15:00,02:30:00,Qingdao Airlines (QW/QDA),Airbus A320neo (A20N),B-307V,2A,1,4,0,STOPOVER,720,3673,2215,2127
162,2023-10-23,QW6191,Yichang / Sanxia (YIH/ZHYC),YIH,30.5565,111.48,Bangkok / Don Mueang International (DMK/VTBD),DMK,13.9126,100.607,10:40:00,12:30:00,02:50:00,Qingdao Airlines (QW/QDA),Airbus A320neo (A20N),B-307V,2A,1,4,0,STOPOVER,3673,3565,2215,2127
163,2023-09-30,CZ696,Seoul / Incheon (ICN/RKSI),ICN,37.4633,126.44,Dalian / Zhoushuizi (DLC/ZYTL),DLC,38.9657,121.539,15:40:00,16:15:00,01:35:00,China Southern Airlines (CZ/CSN),Airbus A320-200 (A320),B-9958,33A,1,4,0,,3602,720,207,2059
164,2023-10-26,KL1253,Amsterdam / Schiphol (AMS/EHAM),AMS,52.3086,4.76389,Nice / Nice Cote D'Azur (NCE/LFMN),NCE,43.6584,7.21587,09:30:00,11:25:00,01:55:00,KLM Royal Dutch Airlines (KL/KLM),Boeing 737-800 (B738),PH-BXH,12F,1,0,0,,122,2027,440,231
165,2023-11-04,FR9726,Marseille / Marseille Provence (MRS/LFML),MRS,43.4393,5.22142,Rome / Leonardo da Vinci-Fiumicino (FCO/LIRF),FCO,41.8003,12.2389,18:10:00,19:35:00,01:25:00,Malta Air (AL/MAY),Boeing 737-800 (B738),9H-QAX,9A,1,0,0,,1928,872,2723,231
166,2023-11-04,EY84,Rome / Leonardo da Vinci-Fiumicino (FCO/LIRF),FCO,41.8003,12.2389,Abu Dhabi / Abu Dhabi (AUH/OMAA),AUH,24.433,54.6511,21:35:00,06:40:00,07:05:00,Etihad Airways (EY/ETD),Boeing 787-9 (B789),A6-BNB,23C,3,4,0,,872,188,276,2088
167,2023-11-05,5W7037,Abu Dhabi / Abu Dhabi (AUH/OMAA),AUH,24.433,54.6511,Muscat / Seeb (MCT/OOMS),MCT,23.5933,58.2844,10:10:00,11:25:00,01:15:00,Wizz Air Abu Dhabi (5W/WAZ),Airbus A321neo (A21N),A6-WZH,31A,1,0,0,,188,1770,2878,2128
168,2023-11-07,5W7038,Muscat / Seeb (MCT/OOMS),MCT,23.5933,58.2844,Abu Dhabi / Abu Dhabi (AUH/OMAA),AUH,24.433,54.6511,12:00:00,13:10:00,01:10:00,Wizz Air Abu Dhabi (5W/WAZ),Airbus A321neo (A21N),A6-WZB,9D,3,0,0,,1770,188,2878,2128
169,2023-11-09,5W7163,Abu Dhabi / Abu Dhabi (AUH/OMAA),AUH,24.433,54.6511,Samarkand / Samarkand (SKD/UTSS),SKD,39.7005,66.9838,06:00:00,10:00:00,03:00:00,Wizz Air Abu Dhabi (5W/WAZ),Airbus A321-200 (A321),A6-WAA,1A,1,0,0,,188,2693,2878,2076
170,2023-11-11,KC7880,Samarkand / Samarkand (SKD/UTSS),SKD,39.7005,66.9838,Almaty / Almaty (ALA/UAAA),ALA,43.3521,77.0405,19:55:00,22:50:00,01:55:00,Air Astana (KC/KZR),Airbus A320-200 (A320),EI-KBD,3A,1,0,0,,2693,100,978,2059
171,2023-11-13,DV1733,Almaty / Almaty (ALA/UAAA),ALA,43.3521,77.0405,Nur-Sultan / Nursultan Nazarbayev International Airport (NQZ/UACC),NQZ,51.0222,71.4669,19:30:00,21:00:00,01:30:00,PLL Scat Aircompany (DV/VSV),Boeing 737 MAX 9 (B39M),UP-B3738,61F,1,0,0,,100,9556,854,2124
172,2023-11-15,5W7088,Nur-Sultan / Nursultan Nazarbayev International Airport (NQZ/UACC),NQZ,51.0222,71.4669,Abu Dhabi / Abu Dhabi (AUH/OMAA),AUH,24.433,54.6511,21:55:00,01:15:00,05:20:00,Wizz Air Abu Dhabi (5W/WAZ),Airbus A321neo (A21N),A6-WZD,18A,1,0,0,,9556,188,2878,2128
173,2023-11-16,EY83,Abu Dhabi / Abu Dhabi (AUH/OMAA),AUH,24.433,54.6511,Rome / Leonardo da Vinci-Fiumicino (FCO/LIRF),FCO,41.8003,12.2389,08:55:00,12:15:00,05:20:00,Etihad Airways (EY/ETD),Boeing 787-9 (B789),A6-BNB,23H,3,4,0,,188,872,276,2088
174,2023-11-16,W48299,Rome / Leonardo da Vinci-Fiumicino (FCO/LIRF),FCO,41.8003,12.2389,Nice / Nice Cote D'Azur (NCE/LFMN),NCE,43.6584,7.21587,18:50:00,20:10:00,01:20:00,Wizz Air Malta (W4/WMT),Airbus A321neo (A21N),9H-WAF,2A,1,0,0,,872,2027,3024,2128
175,2023-12-23,FR1770,Marseille / Marseille Provence (MRS/LFML),MRS,43.4393,5.22142,Valencia / Valencia (VLC/LEVC),VLC,39.4893,-0.481625,19:10:00,20:30:00,01:20:00,Ryanair (FR/RYR),Boeing 737-800 (B738),EI-DWF,27E,2,0,0,,1928,3193,668,231
176,2023-12-24,FR2207,Valencia / Valencia (VLC/LEVC),VLC,39.4893,-0.481625,Sevilla / San Pablo (SVQ/LEZL),SVQ,37.418,-5.89311,15:15:00,16:30:00,01:15:00,Ryanair (FR/RYR),Boeing 737-800 (B738),EI-ENP,25B,2,0,0,,3193,2819,668,231
177,2023-12-31,V73842,Malaga / Costa Del Sol (AGP/LEMG),AGP,36.6749,-4.49911,Bordeaux / Bordeaux Merignac (BOD/LFBD),BOD,44.8283,-0.715556,17:15:00,19:10:00,01:55:00,Volotea (V7/VOE),Airbus A320-200 (A320),EC-NNZ,23F,1,0,0,,66,369,2355,2059
178,2023-12-31,U21620,Bordeaux / Bordeaux Merignac (BOD/LFBD),BOD,44.8283,-0.715556,Nice / Nice Cote D'Azur (NCE/LFMN),NCE,43.6584,7.21587,22:00:00,23:20:00,01:20:00,easyJet Europe (EC/EJU),Airbus A320-200 (A320),OE-IJD,19A,1,0,0,,369,2027,2665,2059
179,2023-12-10,KL1253,Amsterdam / Schiphol (AMS/EHAM),AMS,52.3086,4.76389,Nice / Nice Cote D'Azur (NCE/LFMN),NCE,43.6584,7.21587,09:35:00,11:30:00,01:55:00,KLM Cityhopper (WA/KLC),Embraer Embraer E195-E2 (E295),PH-NXP,18F,1,0,0,,122,2027,439,2147
180,2023-12-09,KL1899,Amsterdam / Schiphol (AMS/EHAM),AMS,52.3086,4.76389,Belgrade / Nikola Tesla Beograd (BEG/LYBE),BEG,44.8184,20.3091,21:20:00,23:40:00,02:20:00,KLM Cityhopper (WA/KLC),Embraer ERJ-190 (E190),PH-EZR,24A,1,0,0,,122,261,439,655
181,2023-12-10,KL1898,Belgrade / Nikola Tesla Beograd (BEG/LYBE),BEG,44.8184,20.3091,Amsterdam / Schiphol (AMS/EHAM),AMS,52.3086,4.76389,06:00:00,08:35:00,02:35:00,KLM Cityhopper (WA/KLC),Embraer ERJ-190 (E190),PH-EZR,16A,1,0,0,,261,122,439,655
182,2018-11-23,CZ8163,Chongqing / Chongqing (CKG/ZUCK),CKG,29.7192,106.642,Linyi / Linyi (LYI/ZSLY),LYI,35.0461,118.412,14:45:00,17:10:00,02:25:00,Chongqing Airlines (OQ/CQN),Airbus A320-200 (A320),B-9932,,0,0,0,STOPOVER,566,3940,1819,2059
183,2018-11-23,CZ8163,Linyi / Linyi (LYI/ZSLY),LYI,35.0461,118.412,Dalian / Zhoushuizi (DLC/ZYTL),DLC,38.9657,121.539,17:45:00,19:00:00,01:15:00,Chongqing Airlines (OQ/CQN),Airbus A320-200 (A320),B-9932,,0,0,0,STOPOVER,3940,720,1819,2059
184,2023-12-09,KL1258,Nice / Nice Cote D'Azur (NCE/LFMN),NCE,43.6584,7.21587,Amsterdam / Schiphol (AMS/EHAM),AMS,52.3086,4.76389,17:05:00,19:10:00,02:05:00,KLM Cityhopper (WA/KLC),Embraer 175 (E75S),PH-EXW,20A,1,0,0,,2027,122,439,2145
185,2024-01-28,KQ117,Amsterdam / Schiphol (AMS/EHAM),AMS,52.3086,4.76389,Nairobi / Jomo Kenyatta (NBO/HKJK),NBO,-1.31924,36.9278,19:35:00,05:55:00,09:20:00,Kenya Airways (KQ/KQA),Boeing 787-8 (B788),5Y-KZC,25D,3,0,0,,122,3598,445,2087
186,2024-01-29,KQ250,Nairobi / Jomo Kenyatta (NBO/HKJK),NBO,-1.31924,36.9278,Mahe / Seychelles (SEZ/FSIA),SEZ,-4.67434,55.5218,12:30:00,16:45:00,03:15:00,Kenya Airways (KQ/KQA),Embraer ERJ-190 (E190),5Y-FFD,18A,1,0,0,,3598,2634,445,655
187,2024-02-04,KQ259,Mahe / Seychelles (SEZ/FSIA),SEZ,-4.67434,55.5218,Nairobi / Jomo Kenyatta (NBO/HKJK),NBO,-1.31924,36.9278,03:15:00,05:25:00,03:10:00,Kenya Airways (KQ/KQA),Embraer ERJ-190 (E190),5Y-FFB,18A,1,0,0,,2634,3598,445,655
188,2024-02-04,KQ116,Nairobi / Jomo Kenyatta (NBO/HKJK),NBO,-1.31924,36.9278,Amsterdam / Schiphol (AMS/EHAM),AMS,52.3086,4.76389,08:20:00,15:35:00,08:15:00,Kenya Airways (KQ/KQA),Boeing 787-8 (B788),5Y-KZE,25A,1,0,0,,3598,122,445,2087
189,2024-02-04,KL1263,Amsterdam / Schiphol (AMS/EHAM),AMS,52.3086,4.76389,Nice / Nice Cote D'Azur (NCE/LFMN),NCE,43.6584,7.21587,20:40:00,22:35:00,01:55:00,KLM Cityhopper (WA/KLC),Embraer 175 (E75S),PH-EXL,11F,1,0,0,,122,2027,439,2145
190,2024-01-28,AF9395,Nice / Nice Cote D'Azur (NCE/LFMN),NCE,43.6584,7.21587,Paris / Charles de Gaulle (CDG/LFPG),CDG,49.0097,2.54778,09:00:00,10:35:00,01:35:00,HOP! (A5/HOP),Embraer ERJ-190 (E190),F-HBLO,11A,1,0,0,,2027,509,1892,655
191,2024-01-28,AF1740,Paris / Charles de Gaulle (CDG/LFPG),CDG,49.0097,2.54778,Amsterdam / Schiphol (AMS/EHAM),AMS,52.3086,4.76389,12:40:00,14:00:00,01:20:00,Air France (AF/AFR),Airbus A320-200 (A320),F-HEPG,12D,3,0,0,,509,122,34,2059
192,2024-03-08,KL1254,Nice / Nice Cote D'Azur (NCE/LFMN),NCE,43.6584,7.21587,Amsterdam / Schiphol (AMS/EHAM),AMS,52.3086,4.76389,12:20:00,14:25:00,02:05:00,KLM Cityhopper (WA/KLC),Embraer Embraer E195-E2 (E295),PH-NXO,18A,1,0,0,,2027,122,439,2147
193,2024-05-31,KL1478,Nice / Nice Cote D'Azur (NCE/LFMN),NCE,43.6584,7.21587,Amsterdam / Schiphol (AMS/EHAM),AMS,52.3086,4.76389,17:10:00,19:10:00,02:00:00,KLM Royal Dutch Airlines (KL/KLM),Boeing 737-800 (B738),,,0,0,0,,2027,122,440,231
194,2024-05-31,AF1441,Amsterdam / Schiphol (AMS/EHAM),AMS,52.3086,4.76389,Paris / Charles de Gaulle (CDG/LFPG),CDG,49.0097,2.54778,20:20:00,21:50:00,01:30:00,Air France (AF/AFR),Airbus A320-200 (A320),,,0,0,0,,122,509,34,2059
195,2024-05-31,AF188,Paris / Charles de Gaulle (CDG/LFPG),CDG,49.0097,2.54778,Hong Kong / Hong Kong International (HKG/VHHH),HKG,22.3089,113.915,23:20:00,17:20:00,12:00:00,Air France (AF/AFR),Airbus A350-900 (A359),,,0,0,0,,509,1135,34,2110
196,2024-06-16,KL888,Hong Kong / Hong Kong International (HKG/VHHH),HKG,22.3089,113.915,Amsterdam / Schiphol (AMS/EHAM),AMS,52.3086,4.76389,22:45:00,06:25:00,13:40:00,KLM Royal Dutch Airlines (KL/KLM),Boeing 787-9 (B789),,,0,0,0,,1135,122,440,2088
197,2024-06-17,KL1479,Amsterdam / Schiphol (AMS/EHAM),AMS,52.3086,4.76389,Nice / Nice Cote D'Azur (NCE/LFMN),NCE,43.6584,7.21587,16:45:00,18:40:00,01:55:00,KLM Cityhopper (WA/KLC),Embraer Embraer E195-E2 (E295),,,0,0,0,,122,2027,439,2147
198,2024-02-20,U21631,Nice / Nice Cote D'Azur (NCE/LFMN),NCE,43.6584,7.21587,Paris / Orly (ORY/LFPO),ORY,48.7231,2.35944,06:30:00,08:00:00,01:30:00,easyJet Europe (EC/EJU),Airbus A320-200 (A320),OE-IJE,9A,1,0,0,,2027,2215,2665,2059
199,2024-02-20,U24865,Paris / Orly (ORY/LFPO),ORY,48.7231,2.35944,Nice / Nice Cote D'Azur (NCE/LFMN),NCE,43.6584,7.21587,15:05:00,16:30:00,01:25:00,easyJet Europe (EC/EJU),Airbus A320-200 (A320),OE-ICJ,15A,1,0,0,,2215,2027,2665,2059
200,2024-06-05,CX751,Hong Kong / Hong Kong International (HKG/VHHH),HKG,22.3089,113.915,Bangkok / Suvarnabhumi (BKK/VTBS),BKK,13.6811,100.747,14:25:00,16:30:00,03:05:00,Cathay Pacific (CX/CPA),Airbus A321neo (A21N),,,0,0,0,,1135,331,199,2128
201,2024-06-10,PG273,Bangkok / Suvarnabhumi (BKK/VTBS),BKK,13.6811,100.747,Phuket / Phuket (HKT/VTSP),HKT,8.1132,98.3169,12:35:00,14:00:00,01:25:00,Bangkok Airways (PG/BKP),Airbus A320-200 (A320),,,0,0,0,,331,1137,132,2059
202,2024-06-14,FM832,Phuket / Phuket (HKT/VTSP),HKT,8.1132,98.3169,Shanghai / Pudong (PVG/ZSPD),PVG,31.1434,121.805,00:20:00,06:30:00,05:10:00,Shanghai Airlines (FM/CSH),Boeing 737-800 (B738),,,0,0,0,,1137,3653,206,231
203,2024-06-14,MU5695,Shanghai / Pudong (PVG/ZSPD),PVG,31.1434,121.805,Dalian / Zhoushuizi (DLC/ZYTL),DLC,38.9657,121.539,08:25:00,10:30:00,02:05:00,China Eastern Airlines (MU/CES),Airbus A319-100 (A319),,,0,0,0,,3653,720,178,2073
204,2024-06-16,MU5624,Dalian / Zhoushuizi (DLC/ZYTL),DLC,38.9657,121.539,Shanghai / Pudong (PVG/ZSPD),PVG,31.1434,121.805,11:20:00,13:20:00,02:00:00,China Eastern Airlines (MU/CES),Airbus A320-200 (A320),,,0,0,0,,720,3653,178,2059
205,2024-06-16,MU505,Shanghai / Pudong (PVG/ZSPD),PVG,31.1434,121.805,Hong Kong / Hong Kong International (HKG/VHHH),HKG,22.3089,113.915,16:20:00,19:05:00,02:45:00,China Eastern Airlines (MU/CES),Airbus A320-200 (A320),,,0,0,0,,3653,1135,178,2059
206,2024-03-24,AF381,Beijing / Peking-Capital (PEK/ZBAA),PEK,40.0725,116.598,Paris / Charles de Gaulle (CDG/LFPG),CDG,49.0097,2.54778,23:55:00,05:55:00,13:00:00,Air France (AF/AFR),Boeing 787-9 (B789),F-HRBC,15A,1,0,0,,2292,509,34,2088
207,2024-03-25,AF1340,Paris / Charles de Gaulle (CDG/LFPG),CDG,49.0097,2.54778,Amsterdam / Schiphol (AMS/EHAM),AMS,52.3086,4.76389,08:05:00,09:30:00,01:25:00,Air France (AF/AFR),Airbus A321-200 (A321),F-GTAJ,10F,1,0,0,,509,122,34,2076
208,2024-03-25,HV5585,Amsterdam / Schiphol (AMS/EHAM),AMS,52.3086,4.76389,Nice / Nice Cote D'Azur (NCE/LFMN),NCE,43.6584,7.21587,13:20:00,15:15:00,01:55:00,Transavia Holland (HV/TRA),Boeing 737-800 (B738),PH-HXJ,29A,1,0,0,,122,2027,787,231
209,2024-03-09,CA8992,Beijing / Peking-Capital (PEK/ZBAA),PEK,40.0725,116.598,Dalian / Zhoushuizi (DLC/ZYTL),DLC,38.9657,121.539,13:50:00,15:15:00,01:25:00,Dalian Airlines (/CCD),Boeing 737-800 (B738),B-5197,15A,1,0,0,,2292,720,2563,231
210,2024-03-08,KL897,Amsterdam / Schiphol (AMS/EHAM),AMS,52.3086,4.76389,Beijing / Peking-Capital (PEK/ZBAA),PEK,40.0725,116.598,16:15:00,09:55:00,11:40:00,KLM Royal Dutch Airlines (KL/KLM),Boeing 787-9 (B789),PH-BHN,17D,3,0,0,,122,2292,440,2088
211,2024-03-24,CZ6127,Dalian / Zhoushuizi (DLC/ZYTL),DLC,38.9657,121.539,Beijing / Beijing Daxing International Airport (PKX/ZBAD),PKX,39.509167,116.410556,18:45:00,20:15:00,01:30:00,China Southern Airlines (CZ/CSN),Airbus A321-200 (A321),B-6979,49F,1,0,0,,720,9280,207,2076
212,2024-10-25,AF7311,Nice / Nice Cote D'Azur (NCE/LFMN),NCE,43.6584,7.21587,Paris / Charles de Gaulle (CDG/LFPG),CDG,49.0097,2.54778,18:25:00,20:00:00,01:35:00,Air France (AF/AFR),Airbus A320-200 (A320),,,0,0,0,,2027,509,34,2059
213,2024-10-25,AF188,Paris / Charles de Gaulle (CDG/LFPG),CDG,49.0097,2.54778,Hong Kong / Hong Kong International (HKG/VHHH),HKG,22.3089,113.915,23:20:00,17:20:00,12:00:00,Air France (AF/AFR),Airbus A350-900 (A359),,,0,0,0,,509,1135,34,2110
214,2024-11-11,GA822,Jakarta / Soekarno Hatta (CGK/WIII),CGK,-6.12556,106.656,Singapore / Changi (SIN/WSSS),SIN,1.35019,103.994,19:00:00,21:45:00,01:45:00,Garuda Indonesia (GA/GIA),Airbus A330-300 (A333),,,0,0,0,,534,2672,327,31
215,2024-11-12,KL836,Singapore / Changi (SIN/WSSS),SIN,1.35019,103.994,Amsterdam / Schiphol (AMS/EHAM),AMS,52.3086,4.76389,01:40:00,08:30:00,13:50:00,KLM Royal Dutch Airlines (KL/KLM),Boeing 777-300ER (B77W),,,0,0,0,,2672,122,440,2023
216,2024-11-12,KL1475,Amsterdam / Schiphol (AMS/EHAM),AMS,52.3086,4.76389,Nice / Nice Cote D'Azur (NCE/LFMN),NCE,43.6584,7.21587,09:35:00,11:30:00,01:55:00,KLM Cityhopper (WA/KLC),Embraer Embraer E195-E2 (E295),,,0,0,0,,122,2027,439,2147
217,2024-10-29,VN593,Hong Kong / Hong Kong International (HKG/VHHH),HKG,22.3089,113.915,Hanoi / Noibai (HAN/VVNB),HAN,21.2212,105.807,14:30:00,15:40:00,02:10:00,Vietnam Airlines (VN/HVN),Airbus A321-200 (A321),,,0,0,0,,1135,1094,366,2076
218,2024-10-29,VN843,Hanoi / Noibai (HAN/VVNB),HAN,21.2212,105.807,Siem Reap / Siem Reap Angkor International Airport (SAI/VDSA),SAI,13.369167,104.223056,17:50:00,19:40:00,01:50:00,Vietnam Airlines (VN/HVN),Airbus A321-200 (A321),,,0,0,0,,1094,9957,366,2076
219,2024-11-02,FD611,Siem Reap / Siem Reap Angkor International Airport (SAI/VDSA),SAI,13.369167,104.223056,Bangkok / Don Mueang International (DMK/VTBD),DMK,13.9126,100.607,11:45:00,13:00:00,01:15:00,Thai AirAsia (FD/AIQ),Airbus A320-200 (A320),,,0,0,0,,9957,3565,1077,2059
220,2024-11-05,TR609,Bangkok / Suvarnabhumi (BKK/VTBS),BKK,13.6811,100.747,Singapore / Changi (SIN/WSSS),SIN,1.35019,103.994,09:30:00,12:55:00,02:25:00,Scoot (TR/TGW),Boeing 787-9 (B789),,,0,0,0,,331,2672,2695,2088
221,2024-11-08,KL835,Singapore / Changi (SIN/WSSS),SIN,1.35019,103.994,Denpasar Bali / Ngurah Rai (DPS/WADD),DPS,-8.74817,115.167,17:45:00,20:30:00,02:45:00,KLM Royal Dutch Airlines (KL/KLM),Boeing 777-300ER (B77W),,11K,1,4,0,,2672,3582,440,2023
222,2025-01-17,AF1401,Madrid / Barajas (MAD/LEMD),MAD,40.4719,-3.56264,Paris / Charles de Gaulle (CDG/LFPG),CDG,49.0097,2.54778,06:00:00,08:20:00,02:20:00,Air France (AF/AFR),Airbus A321-200 (A321),,,0,0,0,,1739,509,34,2076
223,2025-01-17,MU554,Paris / Charles de Gaulle (CDG/LFPG),CDG,49.0097,2.54778,Shanghai / Pudong (PVG/ZSPD),PVG,31.1434,121.805,12:25:00,07:00:00,11:35:00,China Eastern Airlines (MU/CES),Boeing 777-300ER (B77W),,,0,0,0,,509,3653,178,2023
224,2025-01-18,MU5623,Shanghai / Pudong (PVG/ZSPD),PVG,31.1434,121.805,Dalian / Zhoushuizi (DLC/ZYTL),DLC,38.9657,121.539,08:25:00,10:20:00,01:55:00,China Eastern Airlines (MU/CES),Airbus A319neo (A19N),,,0,0,0,,3653,720,178,2126
225,2025-02-16,MU5626,Dalian / Zhoushuizi (DLC/ZYTL),DLC,38.9657,121.539,Shanghai / Pudong (PVG/ZSPD),PVG,31.1434,121.805,16:50:00,18:45:00,01:55:00,China Eastern Airlines (MU/CES),Airbus A320-200 (A320),,,0,0,0,,720,3653,178,2059
226,2025-02-16,AF111,Shanghai / Pudong (PVG/ZSPD),PVG,31.1434,121.805,Paris / Charles de Gaulle (CDG/LFPG),CDG,49.0097,2.54778,22:15:00,06:00:00,14:45:00,Air France (AF/AFR),Boeing 777-300ER (B77W),,,0,0,0,,3653,509,34,2023
227,2025-02-17,AF1622,Paris / Charles de Gaulle (CDG/LFPG),CDG,49.0097,2.54778,Munich / Franz Josef Strauss (MUC/EDDM),MUC,48.3538,11.7861,13:05:00,14:40:00,01:35:00,HOP! (A5/HOP),Embraer ERJ-190 (E190),,,0,0,0,,509,1952,1892,655
228,2025-02-17,AF1823,Munich / Franz Josef Strauss (MUC/EDDM),MUC,48.3538,11.7861,Paris / Charles de Gaulle (CDG/LFPG),CDG,49.0097,2.54778,17:55:00,19:40:00,01:45:00,Air France (AF/AFR),Airbus A220-300 (BCS3),,,0,0,0,,1952,509,34,2142
229,2025-02-17,AF7312,Paris / Charles de Gaulle (CDG/LFPG),CDG,49.0097,2.54778,Nice / Nice Cote D'Azur (NCE/LFMN),NCE,43.6584,7.21587,21:10:00,22:45:00,01:35:00,Air France (AF/AFR),Airbus A320-200 (A320),,,0,0,0,,509,2027,34,2059
230,2025-01-16,AZ345,Nice / Nice Cote D'Azur (NCE/LFMN),NCE,43.6584,7.21587,Rome / Leonardo da Vinci-Fiumicino (FCO/LIRF),FCO,41.8003,12.2389,15:20:00,16:30:00,01:10:00,ITA Airways (AZ/ITY),Airbus A320neo (A20N),,,0,0,0,,2027,872,2967,2127
231,2025-01-16,AZ64,Rome / Leonardo da Vinci-Fiumicino (FCO/LIRF),FCO,41.8003,12.2389,Madrid / Barajas (MAD/LEMD),MAD,40.4719,-3.56264,21:25:00,23:59:00,02:34:00,ITA Airways (AZ/ITY),Airbus A320neo (A20N),,,0,0,0,,872,1739,2967,2127
232,2024-11-11,GA409,Denpasar Bali / Ngurah Rai (DPS/WADD),DPS,-8.74817,115.167,Jakarta / Soekarno Hatta (CGK/WIII),CGK,-6.12556,106.656,13:45:00,14:45:00,02:00:00,Garuda Indonesia (GA/GIA),Airbus A330-200 (A332),,,0,0,0,,3582,534,327,30
